Measure 1,Measure 2,Partial Spearman ρ,p-value,N,
RUCC Code,PCPs per 10k,0.229,0.000,"3,094",***
RUCC Code,Primary access,0.168,0.000,"3,103",***
RUCC Code,Cardiologists per 10k,0.31,0.000,"3,094",***
RUCC Code,Cardiology access,0.281,0.000,"3,103",***
RUCC Code,EM physicians per 10k,0.319,0.000,"3,094",***
RUCC Code,Emergency access,0.293,0.000,"3,103",***
PCPs per 10k,Primary access,-0.025,0.167,"3,094",
Cardiologists per 10k,Cardiology access,0.032,0.076,"3,094",
EM physicians per 10k,Emergency access,0.159,0.000,"3,094",***
